{"cameraMode":{"drawMode":0,"name":"Shaded","section":"Shading Mode"},"sceneLighting":true,"audioPlay":false,"sceneViewState":{"m_AlwaysRefresh":false,"showFog":true,"showSkybox":true,"showFlares":true,"showImageEffects":true,"showParticleSystems":true,"showVisualEffectGraphs":true,"m_FxEnabled":true},"in2DMode":false,"pivot":{"x":16.713665008544923,"y":12.552440643310547,"z":17.35318374633789},"rotation":{"x":-0.040662508457899097,"y":0.9170399904251099,"z":-0.09693165868520737,"w":-0.38469403982162478},"size":21.690471649169923,"orthographic":false}